type,title,first_name,last_name,email,password,expertise,image
Client,Mr,Taylor,Otwell,client@example.com,12345678,,
Expert,Mr,Caleb,Porzio,expert@example.com,12345678,15,jacob.jpg
Expert,Professor,Michael,Kassiou,Kassiou@gmail.com,12345678,16,kassiou.jpg
Expert,Dr,Sarah,Mitchell,jondoe@gmail.com,12345678,17,mitchell.jpg
Expert,Professor,Jennifer,Martinez,martinez@gmail.com,12345678,18,martinez.jpg
Expert,Dr,Emily,Davis,davis03@gmail.com,12345678,19,davis.jpg
Expert,Dr,Wade,Warren,wade@gmail.com,12345678,20,wade.jpg
Expert,Dr,Leslie,Alexander,leslie@gmail.com,12345678,21,leslie.jpg
Expert,Professor,Eleanor,Pena,eleanor@gmail.com,12345678,22,eleanor.jpg